{
	"name": "Level 1",
	"baseScore": 100.0,
	"rocketPositionX": 0.0,
	"rocketPositionY": 3.9998037815093996,
	"rocketRotationSpeed": 15.0,
	"rocketPower": 200000.0,
	"rocketStartingFuel": 2000.0,
	"rocketFuelRate": 50.0,
	"rocketMass": 5000.0,
	"rocketGravityScale": 0.05000000074505806,
	"landingPads": [
		{
			"name": "Landing Pad 1",
			"padMultiplier": 1.0,
			"positionX": 0.0,
			"positionY": -1.9800000190734864,
			"scaleX": 6.070000171661377,
			"scaleY": 0.10000000149011612,
			"colliderSizeX": 0.8999999761581421
		}
	],
	"groundPoints": [
		{
			"x": -3.015451431274414,
			"y": -1.9961669445037842
		},
		{
			"x": 2.9981606006622316,
			"y": -1.9828786849975587
		},
		{
			"x": 8.908055305480957,
			"y": -5.11553955078125
		},
		{
			"x": -8.928577423095704,
			"y": -5.094622611999512
		}
	],
	"padMultiplierLabels": [
		{
			"name": "Pad Multiplier 1",
			"text": "1x",
			"x": 0.0,
			"y": -2.3299999237060549
		}
	]
}